{
  "version": 1,
  "author": "gita thea",
  "editor": "wokwi",
  "parts": [
    { "type": "wokwi-esp32-devkit-v1", "id": "esp", "top": 0, "left": 0, "attrs": {} },
    {
      "type": "wokwi-resistor",
      "id": "r1",
      "top": 87.11,
      "left": -94.7,
      "rotate": 90,
      "attrs": { "value": "1000" }
    },
    {
      "type": "wokwi-led",
      "id": "led1",
      "top": -9.04,
      "left": -146.07,
      "attrs": { "color": "red" }
    }
  ],
  "connections": [
    [ "esp:TX0", "$serialMonitor:RX", "", [] ],
    [ "esp:RX0", "$serialMonitor:TX", "", [] ],
    [ "r1:1", "led1:A", "green", [ "h0" ] ],
    [ "r1:2", "esp:D13", "green", [ "h42.33", "v14.44" ] ],
    [ "led1:C", "esp:GND.2", "black", [ "v0" ] ]
  ]
}