{
  "version": 1,
  "author": "รัชนี ทองเปี่ยม",
  "editor": "wokwi",
  "parts": [
    { "type": "wokwi-esp32-devkit-v1", "id": "esp", "top": 23.9, "left": 62.2, "attrs": {} },
    {
      "type": "wokwi-led",
      "id": "led1",
      "top": 25.2,
      "left": 205.4,
      "attrs": { "color": "blue" }
    },
    {
      "type": "wokwi-led",
      "id": "led2",
      "top": 82.8,
      "left": 263,
      "attrs": { "color": "limegreen" }
    },
    { "type": "wokwi-gnd", "id": "gnd1", "top": 172.8, "left": -106.2, "attrs": {} },
    { "type": "wokwi-slide-switch", "id": "sw1", "top": 62, "left": -54.5, "attrs": {} }
  ],
  "connections": [
    [ "esp:TX0", "$serialMonitor:RX", "", [] ],
    [ "esp:RX0", "$serialMonitor:TX", "", [] ],
    [ "led1:C", "esp:GND.1", "green", [ "v0" ] ],
    [ "led1:A", "esp:D2", "green", [ "v0" ] ],
    [ "led2:C", "esp:GND.1", "green", [ "v0" ] ],
    [ "led2:A", "esp:D4", "green", [ "v0" ] ],
    [ "esp:D13", "sw1:2", "green", [ "h0" ] ],
    [ "gnd1:GND", "sw1:1", "black", [ "v0" ] ]
  ],
  "dependencies": {}
}